Listing,Image Link
ELITEFN230301,https://alist-spaces.sfo3.digitaloceanspaces.com/Listing/ELITEFN230301/379248066_10159305027531283_5157471958065991319_n.jpg
ELITEFN230301,https://alist-spaces.sfo3.digitaloceanspaces.com/Listing/ELITEFN230301/379408246_10159305028236283_2603515369213630268_n.jpg
ELITEFN230301,https://alist-spaces.sfo3.digitaloceanspaces.com/Listing/ELITEFN230301/379508995_10159305028071283_2042027751337592286_n.jpg
ELITEFN230301,https://alist-spaces.sfo3.digitaloceanspaces.com/Listing/ELITEFN230301/379523094_10159305028191283_580063685098385397_n.jpg
ELITEFN230301,https://alist-spaces.sfo3.digitaloceanspaces.com/Listing/ELITEFN230301/379525848_10159305027816283_1848288010562385305_n.jpg
ELITEFN230301,https://alist-spaces.sfo3.digitaloceanspaces.com/Listing/ELITEFN230301/379599998_10159305027671283_3300211492981891773_n.jpg
ELITEFN230301,https://alist-spaces.sfo3.digitaloceanspaces.com/Listing/ELITEFN230301/379610153_10159305028466283_6507345049803767193_n.jpg
ELITEFN230301,https://alist-spaces.sfo3.digitaloceanspaces.com/Listing/ELITEFN230301/379610648_10159305027831283_9195481754753828524_n.jpg
ELITEFN230301,https://alist-spaces.sfo3.digitaloceanspaces.com/Listing/ELITEFN230301/379614458_10159305028156283_8170123628862853237_n.jpg
ELITEFN230301,https://alist-spaces.sfo3.digitaloceanspaces.com/Listing/ELITEFN230301/379614461_10159305027566283_8996982570943110362_n.jpg
ELITEFN230301,https://alist-spaces.sfo3.digitaloceanspaces.com/Listing/ELITEFN230301/379614495_10159305028396283_3037526152432287582_n.jpg
ELITEFN230301,https://alist-spaces.sfo3.digitaloceanspaces.com/Listing/ELITEFN230301/379615426_10159305028036283_2165834703465279286_n.jpg
ELITEFN230301,https://alist-spaces.sfo3.digitaloceanspaces.com/Listing/ELITEFN230301/379617372_10159305027501283_8657024721054561060_n.jpg
ELITEFN230301,https://alist-spaces.sfo3.digitaloceanspaces.com/Listing/ELITEFN230301/379621814_10159305027701283_7210165168746351317_n.jpg
ELITEFN230301,https://alist-spaces.sfo3.digitaloceanspaces.com/Listing/ELITEFN230301/379698265_10159305028031283_4660613718681794057_n.jpg
ELITEFN230301,https://alist-spaces.sfo3.digitaloceanspaces.com/Listing/ELITEFN230301/379702658_10159305027791283_5588182031160283525_n.jpg
ELITEFN230301,https://alist-spaces.sfo3.digitaloceanspaces.com/Listing/ELITEFN230301/379703731_10159305027626283_8987889603252420196_n.jpg
ELITEFN230301,https://alist-spaces.sfo3.digitaloceanspaces.com/Listing/ELITEFN230301/379786548_10159305027861283_4059428164478589984_n.jpg
ELITEFN230301,https://alist-spaces.sfo3.digitaloceanspaces.com/Listing/ELITEFN230301/379846781_10159305028081283_4787710635852911762_n.jpg
ELITEFN230301,https://alist-spaces.sfo3.digitaloceanspaces.com/Listing/ELITEFN230301/379885249_10159305028331283_6091786406686775350_n.jpg
ELITEFN230301,https://alist-spaces.sfo3.digitaloceanspaces.com/Listing/ELITEFN230301/379908735_10159305028076283_6583493296702720108_n.jpg
ELITEFN230301,https://alist-spaces.sfo3.digitaloceanspaces.com/Listing/ELITEFN230301/379909800_10159305028196283_4865150662854785138_n.jpg
ELITEFN230301,https://alist-spaces.sfo3.digitaloceanspaces.com/Listing/ELITEFN230301/379912724_10159305027486283_4131024581420651268_n.jpg
ELITEFN230301,https://alist-spaces.sfo3.digitaloceanspaces.com/Listing/ELITEFN230301/379914007_10159305028421283_2385447816590704939_n.jpg
ELITEFN230301,https://alist-spaces.sfo3.digitaloceanspaces.com/Listing/ELITEFN230301/379946540_10159305027881283_3028213805526652922_n.jpg
ELITEFN230301,https://alist-spaces.sfo3.digitaloceanspaces.com/Listing/ELITEFN230301/379956089_10159305028151283_8327608833704970153_n.jpg
ELITEFN230301,https://alist-spaces.sfo3.digitaloceanspaces.com/Listing/ELITEFN230301/379982457_10159305027526283_7701042896936938003_n.jpg
ELITEFN230301,https://alist-spaces.sfo3.digitaloceanspaces.com/Listing/ELITEFN230301/379982799_10159305028286283_4119565738938619764_n.jpg
ELITEFN230301,https://alist-spaces.sfo3.digitaloceanspaces.com/Listing/ELITEFN230301/379983620_10159305027846283_3020116272365008236_n.jpg
ELITEFN230302,https://alist-spaces.sfo3.digitaloceanspaces.com/Listing/ELITEFN230302/Screenshot from 2024-09-09 18-53-17.png
ELITEFN230302,https://alist-spaces.sfo3.digitaloceanspaces.com/Listing/ELITEFN230302/Screenshot from 2024-09-09 18-54-02.png
ELITEFN230302,https://alist-spaces.sfo3.digitaloceanspaces.com/Listing/ELITEFN230302/Screenshot from 2024-09-09 23-07-24.png
ELITEFN230302,https://alist-spaces.sfo3.digitaloceanspaces.com/Listing/ELITEFN230302/Screenshot from 2024-09-10 17-22-56.png
ELITEFN230302,https://alist-spaces.sfo3.digitaloceanspaces.com/Listing/ELITEFN230302/Screenshot from 2024-09-10 17-23-55.png
ELITEFN230302,https://alist-spaces.sfo3.digitaloceanspaces.com/Listing/ELITEFN230302/Screenshot from 2024-09-10 17-40-46.png
ELITEFN230302,https://alist-spaces.sfo3.digitaloceanspaces.com/Listing/ELITEFN230302/Screenshot from 2024-09-10 17-41-24.png
ELITEFN230302,https://alist-spaces.sfo3.digitaloceanspaces.com/Listing/ELITEFN230302/Screenshot from 2024-09-10 20-06-46.png
ELITEFN230302,https://alist-spaces.sfo3.digitaloceanspaces.com/Listing/ELITEFN230302/Screenshot from 2024-09-10 20-07-24.png
ELITEFN230302,https://alist-spaces.sfo3.digitaloceanspaces.com/Listing/ELITEFN230302/Screenshot from 2024-09-10 20-08-22.png
ELITEFN230302,https://alist-spaces.sfo3.digitaloceanspaces.com/Listing/ELITEFN230302/Screenshot from 2024-09-10 20-10-35.png
ELITEFN230302,https://alist-spaces.sfo3.digitaloceanspaces.com/Listing/ELITEFN230302/Screenshot from 2024-09-10 20-11-12.png
